,snp,ave_imp_value,std_imp_value,count,mh,k55,frog,o256,gda,t1024,chrom,pos
0,rs4949101,0.0027932963,0.00023472220000000002,1000,False,False,False,False,True,True,16,64602920
1,rs7855794,0.0013337610000000001,0.0001202326,1000,False,False,False,False,False,True,9,92338890
2,rs68160486,0.0011402283,0.0001050908,1000,False,False,False,False,False,True,2,56569334
3,rs183803752,0.0018438813,0.0001480858,1000,False,False,False,True,True,True,1,202945726
4,rs78141302,0.0026894882,0.0002091218,1000,False,False,False,False,True,True,7,28939727
5,rs2852983,0.0009042242999999999,9.10299e-05,1000,False,False,False,False,False,True,18,53861287
6,rs73091421,0.0014998631,0.0001280603,1000,False,False,False,False,True,True,20,8069630
7,rs1834640,0.0015463476,0.0001327915,1000,False,False,True,True,True,True,15,48392165
8,rs201765515,0.0012219296,9.28497e-05,1000,False,False,False,False,False,True,20,15713408
9,rs201849325,0.0017069109,0.0001444107,1000,False,False,False,False,True,True,11,18837599
10,rs2665499,0.0041037687,0.00029396880000000003,1000,False,False,False,True,True,True,1,162737608
11,rs1426654,0.0025992775,0.0002087004,1000,False,True,True,True,True,True,15,48426484
12,rs199671746,0.0030707147,0.00022780830000000002,1000,False,False,False,True,True,True,17,69397653
13,rs6730157,0.0015320009,0.0001051892,1000,False,False,False,False,True,True,2,135907088
14,rs35391,0.0014139047,0.0001023283,1000,False,False,False,True,True,True,5,33955673
15,rs66850615,0.0014429722000000001,0.0001230553,1000,False,False,False,False,True,True,11,12983278
16,rs28649017,0.0017220756,0.0001413336,1000,False,False,False,False,True,True,15,85438991
17,rs77482085,0.0009335017,6.66667e-05,1000,False,False,False,False,False,True,6,44424328
18,rs201990185,0.0031535671999999995,0.0002399967,1000,False,False,False,True,True,True,6,21996232
19,rs202152611,0.0009752539999999999,8.25817e-05,1000,False,False,False,False,False,True,6,74958707
20,rs519250,0.0010296247999999999,8.10519e-05,1000,False,False,False,False,False,True,1,234637998
21,rs7443842,0.0013088721,0.0001091367,1000,False,False,False,False,True,True,5,60601079
22,rs201841050,0.0015699388,0.0001387315,1000,False,False,False,True,True,True,2,34446138
23,rs72762928,0.0014072697,0.000118171,1000,False,False,False,False,False,True,5,78049214
24,rs7570971,0.0016022281,0.00010741,1000,False,False,False,False,True,True,2,135837906
25,rs28117,0.0013430338,9.74283e-05,1000,False,False,False,True,True,True,5,33962770
26,rs12465802,0.0014995565,0.0001034398,1000,False,False,False,False,True,True,2,136381348
27,rs61494052,0.0010515952999999999,7.99075e-05,1000,False,False,False,False,False,True,11,21479571
28,rs6754311,0.0015436892999999999,0.000100339,1000,False,True,True,False,True,True,2,136707982
29,rs75303030,0.0025239152,0.0002047545,1000,False,False,False,True,True,True,6,128364797
30,rs2982593,0.0016578404999999998,0.0001660416,1000,False,False,False,True,True,True,11,34227150
31,rs10146479,0.0022125167,0.0001301978,1000,False,False,False,False,True,True,14,106078711
32,rs12913832,0.0024270547,0.0001362259,1000,False,True,True,True,True,True,15,28365618
33,rs77389080,0.0012319196000000001,0.0001024743,1000,False,False,False,False,True,True,21,40883671
34,rs3893896,0.0009125367,8.392959999999999e-05,1000,False,False,False,False,False,True,9,114805233
35,rs199964072,0.0016805408,0.00014795270000000002,1000,False,False,False,False,True,True,21,46618408
36,rs3077277,0.0016682088,0.0001458248,1000,False,False,False,True,True,True,1,236093752
37,rs1446585,0.0012173198,8.503459999999999e-05,1000,False,False,False,False,True,True,2,136407479
38,rs2614453,0.0010237582000000001,0.00011000989999999999,1000,False,False,False,False,False,True,14,99761488
39,rs28777,0.0023896351000000002,0.0001683027,1000,False,False,False,True,True,True,5,33958959
40,rs1973204,0.0010499631,0.0001096816,1000,False,False,False,False,False,True,15,98646202
41,rs200294915,0.0028153978,0.00023554959999999998,1000,False,False,False,True,True,True,3,61593148
42,rs201998647,0.0009773062,9.09394e-05,1000,False,False,False,False,False,True,15,92543770
43,rs200358384,0.0009611291,8.940790000000002e-05,1000,False,False,False,False,False,True,7,130581616
44,rs10102041,0.0015876795999999998,0.0001376247,1000,False,False,False,False,True,True,8,59433911
45,rs201075024,0.002985855,0.0002173855,1000,True,False,False,True,True,True,16,31099000
46,rs28602221,0.0017917094,0.0001601727,1000,False,False,False,False,True,True,4,15787166
47,rs9292432,0.0008275541999999999,9.79085e-05,1000,False,False,False,False,False,True,5,31514367
48,rs79002088,0.0021240558,0.0001791571,1000,False,False,False,False,True,True,7,150498450
49,rs79292426,0.0030786428,0.0002364675,1000,False,False,False,True,True,True,8,21706746
50,rs886266,0.0011777361,9.22233e-05,1000,False,False,False,False,False,True,19,58121782
51,rs5005233,0.0010774922,9.4407e-05,1000,False,False,False,False,True,True,8,3419660
52,rs365690,0.0019288808999999999,0.0001598291,1000,False,False,False,True,True,True,2,109579156
53,rs60744737,0.0010134629,7.70708e-05,1000,False,False,False,False,False,True,16,52889430
54,rs201424869,0.0020067656,0.0001543598,1000,False,False,False,False,True,True,8,4819421
55,rs60947910,0.0009147630000000001,0.0001081793,1000,False,False,False,False,False,True,17,641336
56,rs60218154,0.0021352128,0.0001742058,1000,False,False,False,False,True,True,2,80917533
57,rs112440963,0.0015537298999999999,0.0001337322,1000,False,False,False,False,True,True,2,80136299
58,rs35408,0.0014774202,0.0001052236,1000,False,False,False,True,True,True,5,33964938
59,rs386768,0.0019246454000000001,0.0001757452,1000,False,False,False,True,True,True,14,69314540
60,rs6723108,0.001071359,7.8088e-05,1000,False,False,False,False,False,True,2,135479980
61,rs200189385,0.0026318247,0.0002134899,1000,False,False,False,True,True,True,11,100828842
62,rs16891982,0.0038894097999999998,0.00024099790000000002,1000,True,True,True,True,True,True,5,33951693
63,rs4727559,0.0011937059,0.0001266971,1000,False,False,False,True,False,True,7,102726056
64,rs35397,0.0025282851,0.0001733147,1000,False,False,False,True,True,True,5,33951116
65,rs35390,0.0014033082,0.00010577700000000001,1000,False,False,False,True,True,True,5,33955326
66,rs1129038,0.0023407644,0.0001309091,1000,False,False,False,True,True,True,15,28356859
67,rs35407,0.0023396035,0.000173014,1000,False,False,False,True,True,True,5,33946571
68,rs2974160,0.0015407720000000001,0.000131516,1000,False,False,False,True,True,True,2,80094471
69,rs77972557,0.0012959494,0.0001173365,1000,False,False,False,False,True,True,13,109768318
70,rs201369312,0.0022615478,0.00018110529999999998,1000,False,False,False,False,True,True,7,116318495
71,rs11936304,0.0020338695,0.0001715727,1000,False,False,False,False,True,True,4,47089298
72,rs4754054,0.0013203370000000002,0.0001042876,1000,False,False,False,False,True,True,11,102847138
73,rs78596191,0.0009972216,9.32639e-05,999,False,False,False,False,True,True,12,106459322
74,rs201982822,0.0009043359,6.75267e-05,999,False,False,False,False,False,True,12,23239745
75,rs1667394,0.0014062407999999998,8.093810000000001e-05,999,False,False,False,False,True,True,15,28530182
76,rs3827760,0.0031842772999999998,0.0002455774,999,False,True,True,True,True,True,2,109513601
77,rs72643559,0.0013049789,0.00012716209999999998,999,False,False,False,False,False,True,11,61620274
78,rs4988235,0.0016271902,0.0001050815,999,False,False,False,False,True,True,2,136608646
79,rs2611153,0.0008968092,6.70467e-05,999,False,False,False,False,False,True,11,34387529
80,rs916977,0.0013421638,7.5882e-05,999,False,False,False,False,False,True,15,28513364
81,rs10947525,0.0009188491,7.59866e-05,998,False,False,False,False,False,True,6,34707894
82,rs6053172,0.0013285824,0.00012079799999999999,998,False,False,False,True,True,True,20,568721
83,rs1800414,0.0025497867000000003,0.0002548553,998,False,True,True,True,True,True,15,28197037
84,rs11850206,0.0019481864,0.0001071556,998,False,False,False,False,True,True,14,106085890
85,rs2675345,0.0011605627,9.237950000000001e-05,998,False,False,False,True,True,True,15,48400199
86,rs749873,0.0009142236999999999,6.73896e-05,998,False,False,False,False,False,True,2,136817088
87,rs453755,0.0017869770000000001,0.0001062533,998,False,False,False,False,True,True,19,54809343
88,rs3811801,0.0017216369,0.000198768,997,False,True,True,True,True,True,4,100244319
89,rs260687,0.0019040396,0.0001540468,997,False,False,False,True,True,True,2,109578855
90,rs138896525,0.0013718035999999998,0.0001049845,996,False,False,False,False,True,True,14,106053491
91,rs11150606,0.0012379994,0.00014731209999999998,996,True,False,False,True,True,True,16,31099011
92,rs17822931,0.0015624248999999998,9.512979999999999e-05,996,False,False,True,False,True,True,16,48258198
93,rs3935591,0.0011744374,7.14488e-05,996,False,False,False,False,True,True,15,28374012
94,rs2196051,0.0011038609,8.36425e-05,996,False,True,True,False,False,True,8,122124302
95,rs9796793,0.0012902669,0.0001239786,996,False,False,False,True,True,True,16,30495652
96,rs201853997,0.0009902477000000001,6.18685e-05,996,False,False,False,False,True,True,12,114352870
97,rs260690,0.001907571,0.0001559605,995,False,True,True,True,True,True,2,109579738
98,rs12000133,0.0012210546,9.23915e-05,995,False,False,False,True,False,True,9,78144832
99,rs1229984,0.0014370417999999999,0.00015311,994,False,True,True,True,True,True,4,100239319
100,rs200971397,0.0011045267999999998,0.0001038577,994,False,False,False,True,True,True,22,41257834
101,rs509360,0.0012330389,7.92333e-05,994,False,False,False,True,True,True,11,61548559
102,rs150594940,0.0011689839,8.48358e-05,993,False,False,False,False,True,True,14,106053866
103,rs80143994,0.0010297703,7.778470000000001e-05,993,False,False,False,False,False,True,14,106054568
104,rs11657785,0.0014849924,0.000148879,993,False,False,False,True,True,True,17,4400392
105,rs1545397,0.0010481352,0.000111942,992,False,False,False,True,False,True,15,28187772
106,rs113369387,0.0008484113000000001,6.84963e-05,992,False,False,False,False,False,True,13,25442631
107,rs1043809,0.0010016344,8.84452e-05,990,False,False,False,True,False,True,17,19239432
108,rs74261335,0.0011011135,0.0001024251,990,False,False,False,False,True,True,2,26074547
109,rs333113,0.0011928852,0.000114541,990,False,False,False,False,True,True,17,4400356
110,rs4530406,0.0010432828999999998,6.99691e-05,990,False,False,False,True,True,True,2,97860223
111,rs2087248,0.0011400541,7.5999e-05,989,False,False,False,True,False,True,12,55393528
112,rs12232113,0.0010233134,7.69665e-05,989,False,False,False,False,False,True,14,106016434
113,rs384116,0.0013461642999999998,7.816689999999999e-05,988,False,False,False,False,True,True,19,54796719
114,rs76268104,0.0012490351,0.00010181940000000001,987,False,False,False,False,False,True,20,562221
115,rs4365635,0.0016355701,0.00016451779999999999,987,False,False,False,True,True,True,3,108192751
116,rs35587949,0.0010349513,0.0001124143,987,False,False,False,True,False,True,3,50391636
117,rs35455589,0.0010624389999999999,0.0001021436,987,False,False,False,True,True,True,3,50355730
118,rs72932959,0.0010710027,0.0001112514,987,False,False,False,True,True,True,3,50336292
119,rs4833103,0.0008954283,7.5677e-05,986,False,True,True,True,False,True,4,38815502
120,rs2814778,0.0020143881,0.0002233912,986,False,True,True,True,True,True,1,159174683
121,rs10129859,0.0011045767,7.91624e-05,986,False,False,False,False,True,True,14,106020366
122,rs2789823,0.0019549653,0.000202542,986,False,False,True,True,True,True,9,136769888
123,rs260714,0.0011285285000000001,0.00011589860000000001,985,False,False,True,True,True,True,2,109562495
124,rs11130248,0.0010330473,0.0001031966,984,False,False,False,True,True,True,3,50352200
125,rs404613,0.0013309317,0.0001097317,984,False,False,False,True,True,True,20,62173925
126,rs2700372,0.0010309147,6.87038e-05,984,False,False,False,False,True,True,3,123633220
127,rs260698,0.0011897867,0.00011567879999999999,983,False,False,False,True,True,True,2,109566759
128,rs410852,0.0013392976000000001,8.1258e-05,983,False,False,False,False,True,True,19,54800371
129,rs78133412,0.0011442999,0.00011222430000000001,983,False,False,False,True,False,True,4,188955613
130,rs12637464,0.0010432438,6.67679e-05,982,False,False,False,False,True,True,3,123688743
131,rs10962599,0.0009523823,7.17992e-05,982,False,False,True,True,False,True,9,16795286
132,rs3848503,0.0008780211,5.70661e-05,981,False,False,False,False,False,True,18,2447339
133,rs798888,0.0011176682000000001,7.10344e-05,981,False,False,False,False,True,True,19,54793239
134,rs2776039,0.000838422,7.40698e-05,981,False,False,False,False,False,True,21,16320649
135,rs6542787,0.0012702047,0.0001233331,981,False,False,False,True,True,True,2,109556365
136,rs2384319,0.0011709897,0.00011492969999999999,980,False,False,False,False,False,True,2,26206255
137,rs11693502,0.0008679336,6.29737e-05,980,False,False,False,False,False,True,2,136808949
138,rs6132532,0.0009773311,6.61947e-05,980,False,False,False,False,True,True,20,2315543
139,rs2071203,0.0010746511,0.00010815340000000001,980,False,False,False,True,True,True,3,50311900
140,rs12615624,0.0009440189,6.03325e-05,979,False,False,False,False,False,True,2,136721603
141,rs12233084,0.0009390122,0.00011462850000000001,979,False,False,False,True,False,True,2,108740879
142,rs7002024,0.0008525233,5.8109099999999996e-05,979,False,False,False,False,False,True,8,32079552
143,rs10470156,0.0008398914999999999,5.7064499999999995e-05,979,False,False,False,False,False,True,21,29789761
144,rs2233476,0.0009562948,0.0001061055,978,False,False,False,True,False,True,3,50388383
145,rs73874785,0.0011545903,0.0001134446,977,False,False,False,True,False,True,4,188952305
146,rs4381499,0.0009913774,8.24567e-05,976,False,False,False,True,False,True,14,49304931
147,rs103294,0.0011773791000000001,7.29902e-05,976,False,False,False,False,True,True,19,54797848
148,rs140752371,0.0010761812,9.919530000000001e-05,976,False,False,False,True,False,True,22,48193940
149,rs6930377,0.0016876872,0.000206367,975,False,False,False,True,True,True,6,169656029
150,rs174574,0.0010084445,7.463109999999999e-05,974,False,False,True,False,False,True,11,61600342
151,rs28687075,0.0008679288000000001,5.66819e-05,974,False,False,False,False,False,True,9,103065722
152,rs1624825,0.0009525488000000001,8.16723e-05,973,False,False,False,True,False,True,17,18923818
153,rs10865026,0.0009797289,9.96026e-05,973,False,False,False,True,False,True,2,109545056
154,rs13427222,0.0011403798,0.0001155066,973,False,False,False,True,True,True,2,109552878
155,rs4809578,0.0010473681,0.0001114882,973,False,False,False,True,False,True,20,62159496
156,rs116954456,0.0009891295,0.0001404012,972,False,False,False,True,False,True,16,89712380
157,rs9607660,0.0011859855,0.0001177964,971,False,False,False,True,True,True,22,40016286
158,rs35511437,0.0011577658000000001,7.74361e-05,971,False,False,False,False,True,True,14,105968911
159,rs174581,0.0009434939999999999,7.029060000000001e-05,968,False,False,False,False,False,True,11,61606683
160,rs10750836,0.0010114157000000001,6.41059e-05,967,False,False,False,True,False,True,11,68815523
161,rs10025911,0.0007584366999999999,7.103260000000001e-05,966,False,False,False,False,False,True,4,53660168
162,rs4337777,0.0011098946000000001,0.0001009899,966,False,False,False,True,True,True,4,135137960
163,rs174592,0.0009676905000000001,7.033e-05,964,False,False,False,False,False,True,11,61618608
164,rs9909233,0.0008084114999999999,6.39135e-05,964,False,False,False,False,False,True,17,70849149
165,rs1871534,0.0016337464,0.0002113254,963,False,True,True,True,True,True,8,145639681
166,rs201632611,0.0009009564,0.0001092416,961,False,False,False,True,False,True,3,50288243
167,rs344454,0.0013442573,0.0001579412,961,False,False,False,True,False,True,7,146401434
168,rs174580,0.0009487111,6.77334e-05,960,False,False,False,False,False,True,11,61606642
169,rs34772177,0.0010378550999999999,7.50829e-05,960,False,False,False,False,False,True,16,87472142
170,rs4842319,0.0007948027000000001,6.91585e-05,960,False,False,False,True,False,True,12,80206169
171,rs6750964,0.0010075647,9.140790000000001e-05,960,False,False,False,True,False,True,2,109542493
172,rs102275,0.0009574508,6.666199999999999e-05,958,False,False,False,False,False,True,11,61557803
173,rs10933959,0.0009650094,9.590790000000001e-05,957,False,False,False,True,False,True,3,108476205
174,rs2175591,0.0009763688000000001,0.0001229528,956,False,False,False,True,False,True,1,234635790
175,rs4790359,0.001544434,0.0002057647,954,False,False,False,True,True,True,17,2631985
176,rs616047,0.0009701583,9.19217e-05,953,False,False,False,True,False,True,18,40928170
177,rs3118123,0.0013930948000000002,0.00018527110000000002,952,False,False,False,True,True,True,1,150163390
178,rs7349,0.0013051933,0.0001523752,952,False,False,False,False,True,True,10,31817905
179,rs99780,0.0009220353,6.41805e-05,948,False,False,False,False,False,True,11,61596633
180,rs139581886,0.0009398798,9.309760000000001e-05,948,False,False,False,True,False,True,2,42628443
181,rs10067518,0.0015767773,0.0002051489,948,False,False,False,True,True,True,5,173642871
182,rs16932430,0.0015418416,0.0002094898,947,True,False,False,True,True,True,9,344332
183,rs1257029,0.0009300561999999999,6.41869e-05,945,False,False,False,True,False,True,2,97654678
184,rs359307,0.0013426005,7.55768e-05,944,False,False,False,False,False,True,10,17342489
185,rs10760260,0.0010574733,7.11168e-05,944,False,False,False,False,False,True,9,125713526
186,rs191595858,0.0007464444,6.58754e-05,942,False,False,False,False,False,True,3,56829685
187,rs17066220,0.0009747252,0.00010750190000000001,940,False,False,False,False,False,True,6,137576652
188,rs111259171,0.0009962386,7.4324e-05,940,False,False,False,False,True,True,6,32640351
189,rs9868484,0.0009260777,8.81557e-05,937,False,False,False,True,False,True,3,108188993
190,rs71337576,0.0008086933,6.30755e-05,937,False,False,False,False,False,True,19,41522338
191,rs12987030,0.0009269157000000001,8.72138e-05,937,False,False,False,False,False,True,2,104773607
192,rs174566,0.0009133661999999999,6.6135e-05,935,False,False,False,False,False,True,11,61592362
193,rs114429736,0.0009357536,6.83526e-05,935,False,False,False,True,False,True,12,55375366
194,rs3211938,0.0009376,8.5905e-05,934,False,False,False,False,False,True,7,80300449
195,rs4246215,0.0008936736,6.568399999999999e-05,933,False,False,False,False,False,True,11,61564299
196,rs9321675,0.0007951097,5.48282e-05,933,False,False,False,False,False,True,6,139124224
197,rs7141854,0.0008043578,6.38565e-05,933,False,False,False,False,False,True,14,96643400
198,rs13379842,0.0012497782,0.0001479997,933,False,False,False,False,False,True,15,42725684
199,rs12004637,0.0015063729999999999,0.00020004369999999998,932,False,False,False,True,True,True,9,137496040
200,rs2938273,0.0008184878,6.167850000000001e-05,931,False,False,False,False,False,True,3,87915969
201,rs6543242,0.0009478005999999999,9.82759e-05,929,False,False,False,False,False,True,2,104757972
202,rs2022371,0.001092556,0.0001275742,928,False,False,False,True,False,True,20,53196113
203,rs1036543,0.0009572395,6.02823e-05,928,False,False,False,True,False,True,2,133676214
204,rs6875659,0.0010074605000000001,0.0001247734,927,False,False,True,False,False,True,5,175158653
205,rs12785878,0.0010204822,5.6240100000000004e-05,927,False,False,False,False,False,True,11,71167449
206,rs2101696,0.0009047058000000001,7.5826e-05,926,False,False,False,True,False,True,3,4611452
207,rs10810656,0.0010935173,6.30531e-05,925,False,False,False,False,True,True,9,16877758
208,rs174599,0.0009070021000000001,6.25547e-05,923,False,False,False,False,False,True,11,61621556
209,rs653220,0.0010988992999999999,0.0001422291,923,False,False,False,True,False,True,2,72707874
210,rs174577,0.0009016182,6.526e-05,922,False,False,False,False,False,True,11,61604814
211,rs5800913,0.0009053141000000001,5.41578e-05,922,False,False,False,False,False,True,12,111380644
212,rs74301867,0.0010158314,7.243020000000001e-05,921,False,False,False,False,False,True,7,113636807
213,rs1811510,0.0010096025,9.513709999999999e-05,921,False,False,False,False,False,True,3,5775231
214,rs174578,0.0009024949000000001,6.61004e-05,920,False,False,False,False,False,True,11,61605499
215,rs12065033,0.001078505,0.00016586700000000002,919,False,False,False,True,False,True,1,173579034
216,rs869050,0.0009863332000000001,0.0001547748,918,False,False,False,True,False,True,17,699988
217,rs12751100,0.0009135008,6.2097e-05,918,False,False,False,False,False,True,1,1220954
218,rs115701687,0.0010054827,0.00010093440000000001,918,False,False,False,True,False,True,2,160894160
219,rs34595228,0.0009989182,0.00011195049999999999,916,False,False,False,False,False,True,5,175176876
220,rs5751085,0.000914962,7.6855e-05,915,False,False,False,False,False,True,22,41762870
221,rs2236783,0.0008505916,5.9517299999999993e-05,915,False,False,False,False,False,True,2,136594158
222,rs1834022,0.0011321838,0.0001625929,915,False,False,False,True,False,True,16,87394386
223,rs2148359,0.0009608983000000001,9.195139999999999e-05,913,False,False,False,False,False,True,9,7385508
224,rs10138228,0.0010820796,7.163180000000001e-05,912,False,False,False,False,False,True,14,49778543
225,rs8074965,0.0009818237,0.0001386572,912,False,False,False,True,True,True,17,4400384
226,rs2144440,0.0009236286,5.99201e-05,909,False,False,False,False,False,True,1,1220136
227,rs803736,0.0009699327000000001,6.52883e-05,908,False,False,False,False,False,True,9,125920376
228,rs7927064,0.0010593386,0.0001248903,906,False,False,False,True,False,True,11,123261385
229,rs2148360,0.0009326339,9.02531e-05,906,False,False,False,True,True,True,9,7385490
230,rs7192148,0.0012380873,0.0001801687,904,False,False,False,True,True,True,16,8049148
231,rs6601495,0.0012369317,0.0001815974,904,False,False,False,True,True,True,8,10480377
232,rs554362,0.0010307073,0.0001468063,904,False,False,False,True,True,True,20,902002
233,rs4924987,0.0008891128999999999,8.20975e-05,903,False,False,False,True,True,True,17,19247075
234,rs17002407,0.0009167863,7.40923e-05,896,False,False,False,False,False,True,22,41744334
235,rs6674304,0.0010673385,0.0001294246,895,False,False,False,True,False,True,1,116887742
236,rs79215615,0.0008721292,5.50741e-05,893,False,False,False,False,False,True,11,61895444
237,rs627238,0.0009009958,8.2871e-05,892,False,False,False,True,False,True,18,40933968
238,rs2827756,0.0010004889,0.0001520823,891,False,False,False,True,False,True,21,24238041
239,rs174601,0.0008747967999999999,6.0699300000000003e-05,891,False,False,False,False,False,True,11,61623140
240,rs61454082,0.0010161901,0.0001471353,888,False,False,False,True,True,True,11,133934517
241,rs575377,0.0007536798,6.58701e-05,887,False,False,False,False,False,True,11,95942773
242,rs971414,0.0009425666,5.9797700000000005e-05,886,False,False,False,False,False,True,2,133682085
243,rs2870391,0.001013798,0.0001589178,885,False,False,False,True,False,True,20,53762628
244,rs935613,0.0008380075,5.9096000000000005e-05,885,False,False,False,False,False,True,2,136022798
245,rs9896466,0.0009655743,0.00013895270000000002,883,False,False,False,True,True,True,17,58553365
246,rs9309464,0.0010553411999999999,0.0001246426,882,False,False,False,True,False,True,2,72533963
247,rs16968287,0.0010070474,0.0001498832,880,False,False,False,True,False,True,17,29275101
248,rs12059066,0.0009263875,0.0001437086,877,False,False,False,True,False,True,1,173596257
249,rs76189304,0.0009749504,9.444600000000001e-05,876,False,False,False,False,False,True,3,21994168
250,rs11022516,0.0008652735,6.31023e-05,876,False,False,False,False,False,True,11,12862064
251,rs2720100,0.0010479131,6.0661099999999994e-05,875,False,False,False,False,False,True,2,237590339
252,rs10817902,0.0008285271,8.36745e-05,873,False,False,False,True,False,True,9,119309609
253,rs11126303,0.0008798896000000001,7.41411e-05,872,False,False,False,True,True,True,2,26173503
254,rs8066682,0.0009837693,0.00014227090000000001,869,False,False,False,True,False,True,17,29288195
255,rs7221473,0.0009921698,0.0001546159,869,False,False,False,True,False,True,17,29297910
256,rs8079220,0.0010145596000000002,0.00010364389999999999,868,False,False,False,False,True,True,17,58316733
257,rs56848623,0.0009258788,0.0001411377,866,False,False,False,True,False,True,1,173616944
258,rs1257027,0.0008828064999999999,6.134949999999999e-05,863,False,False,False,True,False,True,2,97655882
259,rs1796049,0.0008832523,6.08308e-05,862,False,False,False,True,False,True,2,97645785
260,rs6715329,0.0008904786999999999,6.19255e-05,859,False,False,False,True,False,True,2,97637905
261,rs77669941,0.0008773127,7.909180000000001e-05,857,False,False,False,True,False,True,18,40929057
262,rs891746,0.0009414019,0.0001512789,857,False,False,False,True,False,True,17,3588807
263,rs1437787,0.0008658769999999999,7.52229e-05,856,False,False,False,True,False,True,2,216318237
264,rs6884906,0.0007793178,5.3338500000000004e-05,854,False,False,False,False,False,True,5,168384778
265,rs5758036,0.0009693475,7.47784e-05,853,False,False,False,True,False,True,22,41076597
266,rs2777804,0.0009883081,6.03468e-05,850,False,False,False,False,False,True,9,107571241
267,rs7645635,0.0009174438,0.000138174,849,False,False,False,True,False,True,3,188327555
268,rs56055061,0.0007916238,5.7014799999999995e-05,849,False,False,False,False,False,True,22,25481750
269,rs35807993,0.0008685333999999999,8.31644e-05,847,False,False,False,False,False,True,18,40929052
270,rs1257017,0.0008985069000000001,5.7971000000000005e-05,847,False,False,False,True,False,True,2,97639135
271,rs4447323,0.0009247336,9.86487e-05,847,False,False,False,False,False,True,14,25467199
272,rs9730511,0.000914268,6.29916e-05,844,False,False,False,False,False,True,1,1311542
273,rs1240708,0.0009019649000000001,6.46683e-05,843,False,False,False,False,False,True,1,1335790
274,rs738987,0.000899262,7.21968e-05,843,False,False,False,False,False,True,22,34288977
275,rs7236102,0.0009835773,0.00013828459999999998,843,False,False,False,True,False,True,18,76065914
276,rs76671344,0.0009364137,6.29727e-05,839,False,False,False,False,False,True,9,125820831
277,rs6572562,0.0011379053,9.49508e-05,834,False,False,False,True,True,True,14,49770953
278,rs10241520,0.0009587885000000001,6.365e-05,830,False,False,False,False,False,True,7,119856856
279,rs79803163,0.0009094202,8.083649999999999e-05,825,False,False,False,False,False,True,2,143896230
280,rs1110471,0.0009290158999999999,0.000102659,825,False,False,False,False,False,True,16,66350593
281,rs3805322,0.0007395519000000001,0.00010842629999999999,825,False,False,False,True,False,True,4,100056998
282,rs2276360,0.0009345235000000001,5.4169099999999996e-05,824,False,False,False,False,False,True,11,71169547
283,rs3739593,0.0009803505,5.87205e-05,823,False,False,False,False,False,True,9,484336
284,rs6038071,0.0009249063000000001,6.53671e-05,822,False,False,False,False,False,True,20,565077
285,rs1535,0.0008412617999999999,6.46072e-05,822,False,False,False,False,False,True,11,61597972
286,rs6421572,0.0009260791,6.42134e-05,819,False,False,False,True,True,True,11,118977926
287,rs117959826,0.0008169989,9.210719999999999e-05,818,False,False,False,False,False,True,5,144620300
288,rs174576,0.0008464810000000001,6.50532e-05,818,False,False,False,False,False,True,11,61603510
289,rs1250223,0.0008531789,8.48076e-05,818,False,False,False,True,False,True,2,216322388
290,rs13432169,0.0008457612,6.38447e-05,813,False,False,False,True,False,True,2,70040144
291,rs74640930,0.0007346099000000001,5.7018e-05,811,False,False,False,False,False,True,18,28090006
292,rs17133728,0.0008628961,8.668530000000001e-05,809,False,False,False,True,False,True,7,50229186
293,rs118079072,0.0009167014,9.47951e-05,808,False,False,False,False,True,True,10,70297054
294,rs10435545,0.0009140519999999999,7.62395e-05,803,False,False,False,False,False,True,8,126947530
295,rs174528,0.0008368597,6.132779999999999e-05,798,False,False,False,False,False,True,11,61543499
296,rs7225888,0.0008521622,0.00013224620000000002,798,False,False,False,True,False,True,17,29298304
297,rs9847154,0.0010146704,8.59002e-05,796,False,False,False,True,True,True,3,70994006
298,rs7548102,0.0008879325999999999,0.0001356506,796,False,False,False,False,False,True,1,229988711
299,rs7156879,0.0008518982000000001,0.0001330524,796,False,False,False,True,False,True,14,36945384
300,rs7358217,0.0008816616,8.13868e-05,793,False,False,False,True,False,True,10,55609769
301,rs1288621,0.0009563774,6.970630000000001e-05,787,False,False,False,False,False,True,1,53946644
302,rs10173964,0.0008475067,6.46426e-05,787,False,False,False,True,False,True,2,70043387
303,rs13141239,0.0008456016000000001,8.61424e-05,786,False,False,False,False,False,True,4,189893442
304,rs172447,0.0008805232000000001,0.000107358,785,False,False,False,True,False,True,9,4859106
305,rs10190766,0.0008599453999999999,0.000125699,784,False,False,False,False,False,True,2,72366818
306,rs7211440,0.0008615992,0.0001382024,784,False,False,False,True,False,True,17,29298413
307,rs2250072,0.0008659181,7.38065e-05,782,False,False,False,False,True,True,15,48384907
308,rs3743930,0.0008766628,8.30543e-05,781,False,False,False,False,False,True,16,3304626
309,rs174533,0.0008205581,6.52691e-05,778,False,False,False,False,False,True,11,61549025
310,rs7041081,0.0007976339,7.74793e-05,777,False,False,False,False,False,True,9,29809516
311,rs5792235,0.0008393631,6.48805e-05,776,False,False,False,False,False,True,11,61596322
312,rs7962801,0.0008797844999999999,5.75458e-05,776,False,False,False,False,False,True,12,55346235
313,rs12434466,0.0008242175,8.54774e-05,775,False,False,True,False,False,True,14,97324289
314,rs199687409,0.0007746366000000001,6.28132e-05,773,False,False,False,False,False,True,17,22021139
315,rs10876670,0.0008752087,5.74046e-05,772,False,False,False,False,False,True,12,55348628
316,rs4426776,0.0008335469,5.11383e-05,771,False,False,False,False,False,True,4,6782605
317,rs11025189,0.0008827735000000001,0.0001008748,767,False,False,False,True,False,True,11,19620227
318,rs12800438,0.0009170647999999999,5.3158800000000003e-05,765,False,False,False,False,False,True,11,71171003
319,rs728404,0.0007937122,7.62741e-05,757,False,False,False,False,False,True,15,28200042
320,rs1849384,0.0008921091999999999,0.00010831319999999999,750,False,False,False,True,False,True,12,85833160
321,rs79349170,0.0007738046000000001,5.48954e-05,749,False,False,False,False,False,True,5,2029720
322,rs1109748,0.0008737462,6.02466e-05,746,False,False,False,True,False,True,11,61722645
323,rs2287949,0.0007831842999999999,6.79905e-05,746,False,False,False,True,False,True,5,33954511
324,rs4789182,0.0009356196,6.23356e-05,746,False,False,False,False,False,True,17,73374945
325,rs133073,0.0009649066000000001,7.3258e-05,746,False,False,False,True,True,True,22,41075695
326,rs9622590,0.0008154914,0.0001243981,743,False,False,False,False,False,True,22,37640673
327,rs959071,0.0008355672,5.61242e-05,741,False,False,False,False,False,True,17,19142226
328,rs145682935,0.0008808303999999999,0.0001050921,734,False,False,False,False,False,True,1,53125880
329,rs77546486,0.0009179415,7.68655e-05,731,False,False,False,False,False,True,12,109454739
330,rs735480,0.0009374914,6.596029999999999e-05,730,False,True,True,False,False,True,15,45152371
331,rs310644,0.0009163097,6.98996e-05,728,False,True,True,False,False,True,20,62159504
332,rs7647134,0.0009104015,5.48635e-05,726,False,False,False,False,False,True,3,14451197
333,rs174530,0.0008122006,6.383140000000001e-05,725,False,False,False,False,False,True,11,61546592
334,rs2371052,0.0008667337,5.66385e-05,725,False,False,False,False,False,True,12,55346488
335,rs397358,0.0009556847,6.50934e-05,723,False,False,False,False,True,True,15,45208772
336,rs11872025,0.0007660935000000001,0.0001216641,721,False,False,False,True,False,True,17,736960
337,rs147303588,0.0008472569,9.25891e-05,715,False,False,False,False,False,True,11,65257241
338,rs67650719,0.0010564849,8.231790000000001e-05,713,False,False,False,False,False,True,10,49747336
339,rs8066103,0.0008404759,6.36172e-05,713,False,False,False,True,False,True,17,5833052
340,rs6712296,0.0008143941999999999,6.57187e-05,710,False,False,False,False,False,True,2,70038198
341,rs10825121,0.0008573933,8.196209999999999e-05,709,False,False,False,False,False,True,10,55601101
342,rs10762771,0.0009433766,5.9654499999999996e-05,703,False,False,False,False,False,True,10,54303449
343,rs11320420,0.0008409356,6.08775e-05,702,False,False,False,False,False,True,11,61542006
344,rs1800007,0.0009657200999999999,5.3874799999999995e-05,698,False,False,False,False,False,True,11,61719387
345,rs147621605,0.0008423496,9.48678e-05,695,False,False,False,False,False,True,10,64569872
346,rs77280477,0.0006829778,5.75618e-05,691,False,False,False,False,False,True,11,73857766
347,rs17013428,0.0007783688,8.220430000000001e-05,690,False,False,False,False,False,True,4,129467781
348,rs7125515,0.0007846278,0.0001298897,690,False,False,False,True,False,True,11,78317997
349,rs2376558,0.0008687701,5.7939099999999996e-05,689,False,False,False,False,False,True,11,68851414
350,rs4907254,0.0008970578,5.67083e-05,689,False,False,False,False,False,True,2,97549668
351,rs12619365,0.0007628074,5.18559e-05,688,False,False,False,False,False,True,2,136398174
352,rs1288097,0.0009271171,6.55712e-05,686,False,False,False,False,False,True,15,45141373
353,rs4953863,0.0008897233,5.534e-05,686,False,False,False,False,False,True,2,133672853
354,rs12490837,0.0007456380000000001,7.831819999999999e-05,683,False,False,False,False,False,True,3,50310310
355,rs16942611,0.0008250413000000001,9.49621e-05,682,False,False,False,False,False,True,12,113645231
356,rs9795581,0.0007877695,0.0001238496,678,False,False,False,True,False,True,12,34642579
357,rs2228202,0.0008033293,6.63335e-05,678,False,False,False,True,False,True,2,70037739
358,rs4128851,0.0010506556,8.33218e-05,677,False,False,False,True,False,True,14,49783945
359,rs11077787,0.00091948,5.7114099999999996e-05,675,False,False,False,False,False,True,17,73343344
360,rs238979,0.0007641697999999999,0.00011144739999999999,675,False,False,False,True,False,True,21,17609813
361,rs7552141,0.0007840841,0.0001256854,672,False,False,False,True,True,True,1,159311859
362,rs199542723,0.0006617137,5.4378999999999996e-05,669,False,False,False,False,False,True,6,150304780
363,rs11220398,0.0007335366,9.257510000000001e-05,669,False,False,False,True,False,True,11,126058625
364,rs17017425,0.0007337126,8.42201e-05,667,False,False,False,True,False,True,4,144165951
365,rs879511,0.0007683432000000001,0.0001277215,663,False,False,False,True,False,True,2,73179990
366,rs142574866,0.0008399302000000001,9.94085e-05,660,False,False,False,False,False,True,7,134036405
367,rs202054686,0.0006942744000000001,5.69438e-05,660,False,False,False,False,False,True,6,154221321
368,rs11260579,0.0008601714,5.87009e-05,658,False,False,False,False,False,True,1,1222267
369,rs387098,0.0008989849,7.08058e-05,658,False,False,False,False,False,True,20,62154594
370,rs11217806,0.0008122331,8.714299999999999e-05,657,False,False,False,True,False,True,11,120169962
371,rs17047661,0.0007508488000000001,0.00012248870000000002,655,False,False,False,True,False,True,1,207782889
372,rs1888207,0.0009212252000000001,5.70579e-05,652,False,False,False,False,False,True,9,16696187
373,rs2426552,0.0007601089,0.0001206873,651,False,False,False,False,False,True,20,53757603
374,rs117333943,0.0009040134,8.5614e-05,650,False,False,False,False,False,True,12,110519785
375,rs6464774,0.0009163785000000001,5.62616e-05,646,False,False,False,False,False,True,7,146528042
376,rs10985915,0.0008515571000000001,8.5008e-05,646,False,False,False,False,False,True,9,126018715
377,rs413907,0.0009618383999999999,6.80815e-05,644,False,False,False,False,False,True,2,38341074
378,rs16915365,0.0008119564,7.58932e-05,640,False,False,False,False,False,True,9,29852330
379,rs10810619,0.0008137472,6.05912e-05,635,False,False,False,False,False,True,9,16763140
380,rs174548,0.0008252814999999999,5.56754e-05,634,False,False,False,False,False,True,11,61571348
381,rs17261772,0.0007276873,5.4805699999999996e-05,629,False,False,False,False,False,True,2,135911422
382,rs16900972,0.0008822347,7.32803e-05,627,False,False,False,False,False,True,8,126941823
383,rs36063822,0.0008332253,5.95646e-05,626,False,False,False,True,False,True,16,30571910
384,rs3095570,0.0008550761,5.80656e-05,625,False,False,False,False,False,True,16,53376851
385,rs11928334,0.0007548017,0.0001130546,623,False,False,False,True,True,True,3,26256357
386,rs17263534,0.0007989513,6.34785e-05,623,False,False,False,True,False,True,2,70071305
387,rs6119471,0.0007351982,0.00012035770000000001,618,False,False,False,True,False,True,20,32785212
388,rs7581254,0.0008034925,7.471930000000001e-05,617,False,False,False,False,False,True,2,104790203
389,rs1122927,0.0008829488000000001,7.39161e-05,615,False,False,False,False,False,True,17,70390851
390,rs174547,0.0008010242999999999,6.578729999999999e-05,612,False,False,False,False,False,True,11,61570783
391,rs174550,0.0007944888,6.70075e-05,611,False,False,False,False,False,True,11,61571478
392,rs174545,0.0007914008999999999,6.72011e-05,610,False,False,False,False,False,True,11,61569306
393,rs10208796,0.0006895277,5.33609e-05,607,False,False,False,False,False,True,2,155211133
394,rs670283,0.0007405844999999999,0.0001071416,606,False,False,False,True,False,True,10,105927110
395,rs11859822,0.0008336436999999999,6.24949e-05,604,False,False,False,True,True,True,16,28995057
396,rs568789,0.0009056355000000001,6.14804e-05,603,False,False,False,False,False,True,11,84146142
397,rs595673,0.0008148827000000001,6.85757e-05,601,False,False,False,False,False,True,18,40955590
398,rs843819,0.0009399014,6.52248e-05,600,False,False,False,False,False,True,20,58405220
399,rs174562,0.0007976094,6.262930000000001e-05,598,False,False,False,False,False,True,11,61585144
400,rs7119808,0.0007221663000000001,0.0001203723,595,False,False,False,True,False,True,11,132584949
401,rs7134682,0.0008971408999999999,5.85385e-05,595,False,False,False,False,False,True,12,66168151
402,rs1474925,0.0008900339999999999,5.58901e-05,587,False,False,False,False,True,True,1,230207433
403,rs11804831,0.0008493808999999999,6.32046e-05,587,False,False,False,False,False,True,1,1194804
404,rs10493248,0.0008145267999999999,8.28332e-05,581,False,False,False,True,False,True,1,58730778
405,rs141975657,0.0008124086,0.0001017725,577,False,False,False,False,False,True,7,133912661
406,rs6494485,0.0007726934,8.39656e-05,570,False,False,False,False,False,True,15,64944184
407,rs4018608,0.0008543533,5.80688e-05,568,False,False,False,False,False,True,1,1203938
408,rs7315993,0.0008614886,5.29726e-05,565,False,False,False,False,False,True,12,55395712
409,rs61528371,0.0006527568,5.39767e-05,563,False,False,False,False,False,True,3,156568909
410,rs6572564,0.0009387822,6.40723e-05,554,False,False,False,False,False,True,14,49772134
411,rs34819224,0.0007226597,0.00012131610000000001,552,False,False,False,False,False,True,8,145223288
412,rs146930914,0.0008107167999999999,8.974659999999999e-05,551,False,False,False,False,False,True,7,133875972
413,rs12947457,0.0009012296,6.03252e-05,550,False,False,False,False,True,True,17,44797820
414,rs7674083,0.0007637792999999999,5.09604e-05,548,False,False,False,False,False,True,4,152937100
415,rs4889630,0.0008257445,5.88063e-05,546,False,False,False,True,False,True,16,30877544
416,rs2641269,0.0008789089,5.94178e-05,546,False,False,False,False,False,True,17,5093899
417,rs1040248,0.0008892908,6.293850000000001e-05,545,False,False,False,False,False,True,8,139533196
418,rs983763,0.0007130734,0.00010649610000000001,543,False,False,False,False,False,True,4,185981720
419,rs609096,0.0008558541,6.70289e-05,540,False,False,False,False,False,True,5,4938130
420,rs2377892,0.0007865105,5.46135e-05,540,False,False,False,False,False,True,2,108088349
421,rs10915571,0.0009310159,6.0013900000000005e-05,538,False,False,False,False,False,True,1,4674429
422,rs2982893,0.000792976,5.1396899999999996e-05,533,False,False,False,False,False,True,11,32590391
423,rs274741,0.0008367458999999999,6.43118e-05,528,False,False,False,False,False,True,1,36527329
424,rs133072,0.0009101633000000001,6.98762e-05,527,False,False,False,False,False,True,22,41075543
425,rs61164110,0.0008162788000000001,5.45364e-05,526,False,False,False,False,False,True,16,75545479
426,rs9434576,0.0007180939,7.42217e-05,524,False,False,False,True,False,True,1,8053050
427,rs11866987,0.0008561622,6.773699999999999e-05,521,False,False,False,False,False,True,16,31659915
428,rs73440012,0.000729049,7.75065e-05,521,False,False,False,False,False,True,9,29648544
429,rs45438992,0.0007699274,7.59487e-05,521,False,False,False,False,False,True,19,50455180
430,rs174568,0.0007759582000000001,6.04016e-05,520,False,False,False,False,False,True,11,61593816
431,rs112008981,0.0006897005000000001,5.1160600000000006e-05,517,False,False,False,False,False,True,17,3647742
432,rs11065850,0.0008649261,6.8218e-05,516,False,False,False,False,False,True,12,109452899
433,rs10898908,0.000783845,8.535209999999999e-05,512,False,False,False,True,False,True,11,72939226
434,rs12404508,0.0008880105,6.8504e-05,509,False,False,False,True,False,True,1,167036714
435,rs143479763,0.0008005569999999999,9.64045e-05,507,False,False,False,False,False,True,16,80092120
436,rs7561321,0.0008724312,5.6043e-05,503,False,False,False,False,False,True,2,44203864
437,rs2075902,0.0008750189,5.6571800000000006e-05,497,False,False,False,False,False,True,21,36527799
438,rs12426660,0.0008016201,8.24745e-05,497,False,False,False,False,False,True,12,114792953
439,rs1872377,0.0007125421000000001,0.0001114523,495,False,False,False,True,False,True,12,129256676
440,rs7001460,0.0008664978,5.73311e-05,492,False,False,False,False,False,True,8,62180581
441,rs113453283,0.0008658492999999999,8.83986e-05,490,False,False,False,False,False,True,6,122001560
442,rs10505879,0.0008080044,7.09093e-05,490,False,False,False,False,False,True,12,22647856
443,rs2095159,0.0008815456,5.73263e-05,486,False,False,False,False,False,True,10,2197103
444,rs2766491,0.0007026597,0.0001149779,484,False,False,False,True,False,True,13,46496178
445,rs7069367,0.0009500805,5.58073e-05,484,False,False,False,False,False,True,10,84074976
446,rs79911035,0.0007889303,8.383030000000001e-05,483,False,False,False,True,False,True,11,64280985
447,rs2035067,0.0006945219,0.0001180052,483,False,False,False,True,False,True,11,46963196
448,rs146736582,0.0007811516,9.62977e-05,482,False,False,False,False,False,True,1,6243367
449,rs3792006,0.0007125711,8.260139999999999e-05,480,False,False,False,True,False,True,2,26498222
450,rs142582723,0.0007922352,9.44885e-05,479,False,False,False,False,False,True,2,159476703
451,rs10016143,0.000677097,0.00011066879999999999,478,False,False,False,False,False,True,4,149615561
452,rs6023407,0.0009204377,7.30715e-05,476,False,False,False,True,False,True,20,53221238
453,rs28678205,0.0009290696,6.14335e-05,475,False,False,False,False,False,True,1,16418285
454,rs16933586,0.0007153499000000001,7.28759e-05,474,False,False,False,True,False,True,9,119249361
455,rs199688082,0.0006646289,5.81442e-05,471,False,False,False,False,False,True,11,50682188
456,rs1873549,0.0008107017,6.38262e-05,469,False,False,False,False,False,True,8,126927059
457,rs12937492,0.0008650448,5.9625e-05,467,False,False,False,False,True,True,17,44796777
458,rs7919051,0.0006901096,0.0001087966,465,False,False,False,True,False,True,10,108754043
459,rs1333775,0.000845127,5.44151e-05,463,False,False,False,False,False,True,9,20217025
460,rs746546,0.0007660915,6.99563e-05,459,False,False,False,False,False,True,3,108458283
461,rs2605419,0.0008761322,5.7067799999999996e-05,456,False,False,False,False,False,True,3,123414429
462,rs2901383,0.0008371450999999999,6.06654e-05,454,False,False,False,False,False,True,4,135149801
463,rs1467016,0.0006838289,9.12394e-05,454,False,False,False,True,False,True,11,42377309
464,rs820335,0.000879954,5.77379e-05,448,False,False,False,False,False,True,3,123415514
465,rs798790,0.0008844155,6.61636e-05,448,False,False,False,False,False,True,14,62037996
466,rs2574920,0.00084159,7.89671e-05,448,False,False,False,False,False,True,4,177867289
467,rs1250233,0.0007708092999999999,6.12459e-05,443,False,False,False,False,False,True,2,216307103
468,rs4870957,0.0008140586,6.51048e-05,441,False,False,False,False,False,True,8,126888589
469,rs16859382,0.0006645063,0.0001122913,437,False,False,False,True,False,True,2,219693856
470,rs9522149,0.0007869383,5.69654e-05,436,False,True,True,False,False,True,13,111827167
471,rs4889651,0.0008134843,5.77048e-05,433,False,False,False,True,True,True,16,30895545
472,rs12997069,0.0008073136,6.924350000000001e-05,430,False,False,False,False,False,True,2,26831431
473,rs188698400,0.0007784255000000001,9.523729999999999e-05,428,False,False,False,False,False,True,1,53626773
474,rs6430538,0.0007200403999999999,5.22937e-05,426,False,False,False,False,False,True,2,135539967
475,rs9770059,0.0008887088,6.95124e-05,422,False,False,False,True,False,True,7,155099637
476,rs4246254,0.0007798969000000001,6.15589e-05,421,False,False,False,False,False,True,12,106141104
477,rs2052369,0.0008765921000000001,5.41868e-05,420,False,False,False,False,False,True,3,177743638
478,rs58661359,0.0007392636999999999,7.55946e-05,420,False,False,False,False,False,True,15,28155801
479,rs16842895,0.0008353419000000001,6.94036e-05,415,False,False,False,False,False,True,2,210308543
480,rs2593595,0.0008660222999999999,6.866810000000001e-05,413,False,True,True,False,False,True,17,41056245
481,rs343092,0.0008697093,5.6471199999999996e-05,411,False,False,False,False,False,True,12,66250940
482,rs200258147,0.0007079517,5.0964499999999996e-05,411,False,False,False,False,False,True,5,57913893
483,rs598960,0.0006598407000000001,0.0001087623,403,False,False,False,True,False,True,11,1871246
484,rs12343946,0.0006802119,7.46192e-05,395,False,False,False,False,False,True,9,29756657
485,rs1891473,0.0006815657000000001,0.0001013448,395,False,False,False,True,False,True,10,16903080
486,rs7739347,0.0008378669,6.29015e-05,395,False,False,False,False,False,True,6,7026977
487,rs7225971,0.0009022477,6.69031e-05,390,False,False,False,False,False,True,17,53704622
488,rs13066103,0.0008801261,5.81059e-05,389,False,False,False,False,False,True,3,72590900
489,rs150914,0.00068367,6.9593e-05,384,False,False,False,True,False,True,1,8015436
490,rs6504983,0.0008838136999999999,5.0755200000000005e-05,383,False,False,False,False,False,True,17,53692211
491,rs73401203,0.0007971155,6.4933e-05,381,False,False,False,False,False,True,12,106146750
492,rs16846646,0.0007518677,5.42304e-05,381,False,False,False,False,False,True,2,163215423
493,rs28538685,0.0006481368,0.0001102308,381,False,False,False,False,False,True,15,100693513
494,rs8033972,0.0008797382000000001,6.0505100000000005e-05,379,False,False,False,False,False,True,15,64524980
495,rs4341955,0.0008104823,7.6642e-05,378,False,False,False,False,False,True,2,197404714
496,rs1812576,0.0008554328,5.75453e-05,375,False,False,False,False,False,True,8,62173034
497,rs61385796,0.000729449,7.88135e-05,375,False,False,False,False,False,True,4,188970959
498,rs74002614,0.00068557,5.04592e-05,375,False,False,False,False,False,True,2,238819882
499,rs4864217,0.0009011726,5.5665e-05,372,False,False,False,False,False,True,4,134835324
500,rs6512274,0.0006809864,0.0001092316,371,False,False,False,False,False,True,19,18651116
501,rs973786,0.0008028942,5.95065e-05,370,False,False,False,False,False,True,4,38263759
502,rs72762100,0.0007826688000000001,6.29035e-05,369,False,False,False,False,False,True,9,119437681
503,rs8071181,0.0006673575,9.828030000000001e-05,367,False,False,False,True,False,True,17,58508582
504,rs12642972,0.0008052416,5.73893e-05,366,False,False,False,False,False,True,4,38247039
505,rs221109,0.0007555089,6.95625e-05,364,False,False,False,True,False,True,3,4344936
506,rs6862684,0.000775923,5.13809e-05,364,False,False,False,False,False,True,5,133552248
507,rs174537,0.0007366424,5.93888e-05,363,False,False,False,False,False,True,11,61552680
508,rs2416791,0.0008217761999999999,7.87582e-05,362,False,False,True,False,False,True,12,11701488
509,rs6494466,0.000868135,6.0460699999999995e-05,361,False,False,False,False,False,True,15,64508763
510,rs7183695,0.0008584106,6.00955e-05,359,False,False,False,False,False,True,15,45205568
511,rs78002486,0.0007239767,8.380379999999999e-05,357,False,False,False,False,False,True,3,13783478
512,rs2472708,0.0007853127000000001,5.2472299999999996e-05,357,False,False,False,False,False,True,17,18917237
513,rs10938153,0.0008501183000000001,5.24963e-05,349,False,False,False,False,False,True,4,41612137
514,rs28453748,0.0008513946000000001,6.81371e-05,346,False,False,False,False,False,True,9,95849542
515,rs67057751,0.0007920503,5.01796e-05,346,False,False,False,False,False,True,18,19685948
516,rs9830186,0.0008803477,5.82128e-05,340,False,False,False,False,False,True,3,149184314
517,rs13336827,0.0007132525999999999,7.75474e-05,340,False,False,False,False,False,True,16,193088
518,rs1452054,0.0008751319,7.19054e-05,339,False,False,False,True,False,True,14,46920188
519,rs7011592,0.0006525735,9.865950000000001e-05,337,False,False,False,True,False,True,8,91284182
520,rs2631896,0.0008476975,6.8081e-05,337,False,False,False,False,False,True,8,21124021
521,rs2989133,0.0008630871,5.64305e-05,335,False,False,False,False,False,True,21,14861345
522,rs1627833,0.0007810517999999999,6.40593e-05,333,False,False,False,False,False,True,1,1388268
523,rs7480010,0.0008808103999999999,5.8315e-05,333,False,False,False,False,False,True,11,42246718
524,rs12433674,0.0007602910000000001,7.04574e-05,328,False,False,False,True,False,True,14,97860131
525,rs640005,0.0007331957000000001,7.45828e-05,325,False,False,False,False,False,True,15,64792896
526,rs2078265,0.0008886975999999999,5.67258e-05,325,False,False,False,False,False,True,6,131761677
527,rs11648965,0.000764093,6.85954e-05,325,False,False,False,True,False,True,16,86084146
528,rs6001762,0.0008166873,6.94112e-05,325,False,False,False,False,False,True,22,40495473
529,rs3017010,0.0006328446,8.32464e-05,323,False,False,False,False,False,True,11,126217777
530,rs1949727,0.0008974589,5.48563e-05,317,False,False,False,False,False,True,3,144440388
531,rs10790372,0.0008142985,5.41938e-05,316,False,False,False,False,False,False,11,120136078
532,rs835574,0.000839857,7.045470000000001e-05,314,False,False,False,False,False,True,1,120463230
533,rs11725412,0.0008589617,5.5966000000000006e-05,314,False,False,True,False,False,True,4,38277754
534,rs12421620,0.0008406455000000001,9.11206e-05,314,False,False,False,False,False,True,11,66276576
535,rs16960761,0.0007319554,7.437399999999999e-05,314,False,False,False,False,False,True,19,34432677
536,rs73709180,0.0007084738,6.80345e-05,313,False,False,False,False,False,True,7,80112422
537,rs2052074,0.0007534939,8.30814e-05,311,False,False,False,False,False,True,17,59161646
538,rs873927,0.0007741165,5.64684e-05,310,False,False,False,False,False,False,1,1366830
539,rs17631799,0.0008026639,4.85725e-05,309,False,False,False,False,False,False,4,151133778
540,rs3776349,0.0006424069,8.690870000000001e-05,308,False,False,False,False,False,True,5,142430200
